Symbol,Name,% Holding,Shares
NVDA,Nvidia Corp,6.60%,N/A
MSFT,Microsoft Corp,6.22%,N/A
AAPL,Apple Inc,5.15%,N/A
AMZN,Amazon.com Inc,3.62%,N/A
META,Meta Platforms Inc,2.56%,N/A
AVGO,Broadcom Ltd,2.19%,N/A
GOOGL,Alphabet Cl A,1.82%,N/A
TSLA,Tesla Inc,1.52%,N/A
GOOG,Alphabet Cl C,1.49%,N/A
JPM,JP Morgan Chase & Company,1.33%,N/A
LLY,Eli Lilly and Company,1.00%,N/A
V,Visa Inc,0.98%,N/A
NFLX,Netflix Inc,0.86%,N/A
XOM,Exxon Mobil Corp,0.77%,N/A
MA,Mastercard Inc,0.74%,N/A
COST,Costco Wholesale,0.69%,N/A
WMT,Walmart Inc,0.68%,N/A
ORCL,Oracle Corp,0.66%,N/A
JNJ,Johnson & Johnson,0.65%,N/A
PG,Procter & Gamble Company,0.60%,N/A
HD,Home Depot,0.60%,N/A
PLTR,Palantir Technologies Inc Cl A,0.55%,N/A
ABBV,Abbvie Inc,0.54%,N/A
BAC,Bank of America Corp,0.54%,N/A
CVX,Chevron Corp,0.47%,N/A
PM,Philip Morris International Inc,0.46%,N/A
GE,GE Aerospace,0.45%,N/A
KO,Coca-Cola Company,0.45%,N/A
CSCO,Cisco Systems Inc,0.45%,N/A
IBM,Intl Business Machines,0.44%,N/A
WFC,Wells Fargo & Company,0.43%,N/A
UNH,Unitedhealth Group Inc,0.42%,N/A
AMD,Adv Micro Devices,0.42%,N/A
CRM,Salesforce Inc,0.40%,N/A
LIN,Linde Plc,0.36%,N/A
DIS,Walt Disney Company,0.36%,N/A
ABT,Abbott Laboratories,0.35%,N/A
GS,Goldman Sachs Group,0.35%,N/A
MCD,McDonald's Corp,0.35%,N/A
INTU,Intuit Inc,0.34%,N/A
RTX,Rtx Corp,0.33%,N/A
MRK,Merck & Company,0.33%,N/A
NOW,Servicenow Inc,0.33%,N/A
TXN,Texas Instruments,0.32%,N/A
PEP,Pepsico Inc,0.32%,N/A
T,AT&T Inc,0.32%,N/A
CAT,Caterpillar Inc,0.31%,N/A
ISRG,Intuitive Surg Inc,0.30%,N/A
BKNG,Booking Holdings Inc,0.30%,N/A
UBER,Uber Technologies Inc,0.30%,N/A
VZ,Verizon Communications Inc,0.29%,N/A
ACN,Accenture Plc,0.29%,N/A
QCOM,Qualcomm Inc,0.29%,N/A
C,Citigroup Inc,0.28%,N/A
AXP,American Express Company,0.27%,N/A
BLK,Blackrock Inc,0.27%,N/A
BA,Boeing Company,0.27%,N/A
SCHW,The Charles Schwab Corp,0.27%,N/A
MS,Morgan Stanley,0.27%,N/A
SPGI,S&P Global Inc,0.26%,N/A
AMGN,Amgen Inc,0.26%,N/A
NEE,Nextera Energy,0.26%,N/A
ADBE,Adobe Systems Inc,0.26%,N/A
AMAT,Applied Materials,0.26%,N/A
GEV,GE Vernova Inc,0.25%,N/A
BSX,Boston Scientific Corp,0.25%,N/A
TMO,Thermo Fisher Scientific Inc,0.25%,N/A
HON,Honeywell International Inc,0.25%,N/A
ETN,Eaton Corp,0.24%,N/A
PGR,Progressive Corp,0.24%,N/A
TJX,TJX Companies,0.23%,N/A
PFE,Pfizer Inc,0.23%,N/A
COF,Capital One Financial Corp,0.22%,N/A
UNP,Union Pacific Corp,0.22%,N/A
GILD,Gilead Sciences Inc,0.22%,N/A
SYK,Stryker Corp,0.22%,N/A
PANW,Palo Alto Networks Inc,0.22%,N/A
LRCX,Lam Research Corp,0.21%,N/A
CMCSA,Comcast Corp A,0.21%,N/A
MU,Micron Technology,0.21%,N/A
APH,Amphenol Corp,0.21%,N/A
KLAC,K L A-Tencor Corp,0.21%,N/A
LOW,Lowe's Companies,0.20%,N/A
ADP,Automatic Data Processing,0.20%,N/A
BX,Blackstone Inc,0.20%,N/A
DE,Deere & Company,0.20%,N/A
DHR,Danaher Corp,0.20%,N/A
ADI,Analog Devices,0.20%,N/A
VRTX,Vertex Pharmaceutic,0.19%,N/A
CRWD,Crowdstrike Holdings Inc,0.19%,N/A
ANET,Arista Networks Inc,0.19%,N/A
COP,Conocophillips,0.19%,N/A
MDT,Medtronic Inc,0.19%,N/A
SNPS,Synopsys Inc,0.18%,N/A
SPOT,Spotify Technology S.A.,0.18%,N/A
MSTR,Strategy Inc,0.17%,N/A
AMT,American Tower Corp,0.17%,N/A
TMUS,T-Mobile US,0.17%,N/A
SBUX,Starbucks Corp,0.17%,N/A
WELL,Welltower Inc,0.17%,N/A
SO,Southern Company,0.17%,N/A
MMC,Marsh & Mclennan Companies,0.17%,N/A
ICE,Intercontinental Exchange,0.17%,N/A
CB,Chubb Ltd,0.17%,N/A
INTC,Intel Corp,0.17%,N/A
PLD,Prologis Inc,0.16%,N/A
CEG,Constellation Energy Corp,0.16%,N/A
MO,Altria Group,0.16%,N/A
CME,CME Group Inc,0.16%,N/A
TT,Trane Technologies Plc,0.16%,N/A
KKR,KKR & Company LP,0.16%,N/A
LMT,Lockheed Martin Corp,0.16%,N/A
BMY,Bristol-Myers Squibb Company,0.16%,N/A
DUK,Duke Energy Corp,0.15%,N/A
PH,Parker-Hannifin Corp,0.15%,N/A
FI,Fiserv Inc,0.15%,N/A
MDLZ,Mondelez Intl Inc,0.15%,N/A
MCK,Mckesson Corp,0.15%,N/A
RCL,Royal Caribbean Cruises Ltd,0.14%,N/A
TDG,Transdigm Group Inc,0.14%,N/A
APP,Applovin Corp Cl A,0.14%,N/A
CDNS,Cadence Design Sys,0.14%,N/A
DASH,Doordash Inc Cl A,0.14%,N/A
NKE,Nike Inc,0.14%,N/A
COIN,Coinbase Global Inc Cl A,0.14%,N/A
WM,Waste Management,0.14%,N/A
MMM,3M Company,0.14%,N/A
EMR,Emerson Electric Company,0.13%,N/A
ORLY,O'Reilly Automotive,0.13%,N/A
SHW,Sherwin-Williams Company,0.13%,N/A
CI,The Cigna Group,0.13%,N/A
AJG,Arthur J. Gallagher & Company,0.13%,N/A
MCO,Moody's Corp,0.13%,N/A
PNC,PNC Bank,0.13%,N/A
HOOD,Robinhood Markets Inc Cl A,0.13%,N/A
CVS,CVS Corp,0.13%,N/A
EQIX,Equinix Inc,0.13%,N/A
CTAS,Cintas Corp,0.13%,N/A
HWM,Howmet Aerospace Inc,0.12%,N/A
GD,General Dynamics Corp,0.12%,N/A
ITW,Illinois Tool Works Inc,0.12%,N/A
AON,AON Plc,0.12%,N/A
PYPL,Paypal Holdings,0.12%,N/A
UPS,United Parcel Service,0.12%,N/A
USB,U.S. Bancorp,0.12%,N/A
JCI,Johnson Controls Intl,0.12%,N/A
BK,Bank of New York Mellon Corp,0.12%,N/A
WMB,Williams Companies,0.12%,N/A
CMG,Chipotle Mexican Grill,0.12%,N/A
MSI,Motorola Solutions,0.12%,N/A
RBLX,Roblox Corp Cl A,0.12%,N/A
NOC,Northrop Grumman Corp,0.11%,N/A
CL,Colgate-Palmolive Company,0.11%,N/A
FTNT,Fortinet Inc,0.11%,N/A
SNOW,Snowflake Inc Cl A,0.11%,N/A
ECL,Ecolab Inc,0.11%,N/A
NEM,Newmont Mining Corp,0.11%,N/A
ZTS,Zoetis Inc Cl A,0.11%,N/A
APD,Air Products and Chemicals,0.11%,N/A
FCX,Freeport-Mcmoran Inc,0.11%,N/A
CSX,CSX Corp,0.11%,N/A
EOG,Eog Resources,0.11%,N/A
VST,Vistra Energy Corp,0.11%,N/A
CRH,CRH Plc ADR,0.10%,N/A
HCA,Hca Holdings Inc,0.10%,N/A
HLT,Hilton Inc,0.10%,N/A
ADSK,Autodesk Inc,0.10%,N/A
MRVL,Marvell Technology Inc,0.10%,N/A
NSC,Norfolk Southern Corp,0.10%,N/A
ELV,Elevance Health Inc,0.10%,N/A
AZO,Autozone,0.10%,N/A
MAR,Marriot Int Cl A,0.10%,N/A
APO,Apollo Asset Management Inc,0.10%,N/A
CARR,Carrier Global Corp,0.10%,N/A
NET,Cloudflare Inc Cl A,0.10%,N/A
DLR,Digital Realty Trust,0.10%,N/A
TRV,The Travelers Companies Inc,0.10%,N/A
ROP,Roper Industries,0.10%,N/A
ABNB,Airbnb Inc Cl A,0.10%,N/A
PWR,Quanta Services,0.10%,N/A
TFC,Truist Financial Corp,0.10%,N/A
AEP,American Electric Power Company,0.10%,N/A
REGN,Regeneron Pharmaceuticals,0.09%,N/A
AXON,Axon Enterprise Inc,0.09%,N/A
MPC,Marathon Petroleum Corp,0.09%,N/A
COR,Cencora Inc,0.09%,N/A
SPG,Simon Property Group,0.09%,N/A
FLUT,Flutter Entertainment Plc,0.09%,N/A
KMI,Kinder Morgan,0.09%,N/A
FAST,Fastenal Company,0.09%,N/A
AMP,Ameriprise Financial Services,0.08%,N/A
GM,General Motors Company,0.08%,N/A
PSX,Phillips 66,0.08%,N/A
SRE,Sempra,0.08%,N/A
ALL,Allstate Corp,0.08%,N/A
URI,United Rentals,0.08%,N/A
SLB,Schlumberger N.V.,0.08%,N/A
O,Realty Income Corp,0.08%,N/A
CTVA,Corteva Inc,0.08%,N/A
WDAY,Workday Inc,0.08%,N/A
BDX,Becton Dickinson and Company,0.08%,N/A
OKE,Oneok Inc,0.08%,N/A
LNG,Cheniere Energy,0.08%,N/A
AFL,Aflac Inc,0.08%,N/A
D,Dominion Energy Inc,0.08%,N/A
FDX,Fedex Corp,0.08%,N/A
LHX,L3Harris Technologies Inc,0.08%,N/A
RSG,Republic Services,0.08%,N/A
VRT,Vertiv Holdings Llc.,0.08%,N/A
PCAR,Paccar Inc,0.08%,N/A
CMI,Cummins Inc,0.08%,N/A
AIG,American International Group,0.08%,N/A
CCI,Crown Castle Inc,0.08%,N/A
TGT,Target Corp,0.08%,N/A
PAYX,Paychex Inc,0.08%,N/A
VLO,Valero Energy Corp,0.07%,N/A
PSA,Public Storage,0.07%,N/A
GWW,W.W. Grainger,0.07%,N/A
DDOG,Datadog Inc Cl A,0.07%,N/A
F,Ford Motor Company,0.07%,N/A
EXC,Exelon Corp,0.07%,N/A
EW,Edwards Lifesciences Corp,0.07%,N/A
CVNA,Carvana Company Cl A,0.07%,N/A
KR,Kroger Company,0.07%,N/A
MSCI,MSCI Inc,0.07%,N/A
ROST,Ross Stores Inc,0.07%,N/A
KDP,Keurig Dr Pepper Inc,0.07%,N/A
MET,Metlife Inc,0.07%,N/A
FERG,Ferguson Enterprises Inc,0.07%,N/A
XYZ,Block Inc,0.07%,N/A
IDXX,Idexx Laboratories,0.07%,N/A
VRSK,Verisk Analytics Inc,0.07%,N/A
KVUE,Kenvue Inc,0.07%,N/A
FIS,Fidelity National Information Services,0.07%,N/A
PEG,Public Service Enterprise Group Inc,0.07%,N/A
KMB,Kimberly-Clark Corp,0.07%,N/A
CBRE,CBRE Group Inc,0.07%,N/A
VEEV,Veeva Systems Inc,0.07%,N/A
GLW,Corning Inc,0.07%,N/A
MNST,Monster Beverage Corp,0.07%,N/A
AME,Ametek Inc,0.07%,N/A
XEL,XCEL Energy Inc,0.07%,N/A
TTWO,Take-Two Interactive,0.07%,N/A
NU,Nu Holdings Ltd Cl A,0.07%,N/A
YUM,Yum! Brands,0.07%,N/A
DELL,Dell Technologies Inc,0.07%,N/A
CPRT,Copart Inc,0.07%,N/A
BKR,Baker Hughes Company,0.07%,N/A
EA,Electronic Arts Inc,0.07%,N/A
ALNY,Alnylam Pharmaceuticals,0.07%,N/A
ROK,Rockwell Automation Inc,0.07%,N/A
MCHP,Microchip Technology,0.06%,N/A
OTIS,Otis Worldwide Corp,0.06%,N/A
CPNG,Coupang Inc Cl A,0.06%,N/A
CAH,Cardinal Health,0.06%,N/A
RMD,Resmed Inc,0.06%,N/A
SYY,Sysco Corp,0.06%,N/A
CTSH,Cognizant Tech Sol,0.06%,N/A
ETR,Entergy Corp,0.06%,N/A
GRMN,Garmin Ltd,0.06%,N/A
ED,Consolidated Edison Company,0.06%,N/A
NDAQ,Nasdaq Inc,0.06%,N/A
PRU,Prudential Financial Inc,0.06%,N/A
FICO,Fair Isaac and Company,0.06%,N/A
DAL,Delta Air Lines Inc,0.06%,N/A
EBAY,Ebay Inc,0.06%,N/A
DHI,D.R. Horton,0.06%,N/A
WAB,Wabtec Corp,0.06%,N/A
TTD,Trade Desk Inc,0.06%,N/A
CHTR,Charter Communications Inc,0.06%,N/A
TRGP,Targa Resources,0.06%,N/A
CSGP,Costar Group Inc,0.06%,N/A
VMC,Vulcan Materials Company,0.06%,N/A
WEC,Wisconsin Energy Corp,0.06%,N/A
VICI,Vici Properties Inc,0.06%,N/A
HIG,The Hartford Insurance Group Inc,0.06%,N/A
IR,Ingersoll Rand Inc,0.06%,N/A
MPWR,Monolithic Power Sys,0.06%,N/A
GEHC,GE Healthcare Technologies Inc,0.06%,N/A
MLM,Martin Marietta Materials,0.06%,N/A
ARES,Ares Management LP,0.05%,N/A
DXCM,Dexcom Inc,0.05%,N/A
NUE,Nucor Corp,0.05%,N/A
A,Agilent Technologies,0.05%,N/A
CCL,Carnival Corp,0.05%,N/A
EFX,Equifax Inc,0.05%,N/A
EQT,Eqt Corp,0.05%,N/A
DD,Dupont Denemours Inc,0.05%,N/A
MTB,M&T Bank Corp,0.05%,N/A
XYL,Xylem Inc,0.05%,N/A
ACGL,Arch Capital Grp Ltd,0.05%,N/A
TEAM,Atlassian Corp,0.05%,N/A
EXR,Extra Space Storage Inc,0.05%,N/A
STT,State Street Corp,0.05%,N/A
WTW,Willis Towers Watson Public Ltd,0.05%,N/A
TSCO,Tractor Supply Company,0.05%,N/A
ODFL,Old Dominion Freight Line Inc,0.05%,N/A
NRG,NRG Energy,0.05%,N/A
UAL,United Airlines Holdings Inc,0.05%,N/A
LPLA,Lpl Financial Holdings,0.05%,N/A
OXY,Occidental Petroleum Corp,0.05%,N/A
PCG,Pacific Gas & Electric Company,0.05%,N/A
RJF,Raymond James Financial,0.05%,N/A
IRM,Iron Mountain Inc,0.05%,N/A
FITB,Fifth Third Bancorp,0.05%,N/A
VTR,Ventas Inc,0.05%,N/A
DTE,Dte Energy Company,0.05%,N/A
AVB,Avalonbay Communities,0.05%,N/A
WBD,Discovery Inc Series A,0.05%,N/A
BR,Broadridge Financial Solutions Llc,0.05%,N/A
KEYS,Keysight Technologies Inc,0.05%,N/A
ZS,Zscaler Inc,0.05%,N/A
BRO,Brown & Brown,0.05%,N/A
AWK,American Water Works,0.05%,N/A
HUBS,Hubspot Inc,0.05%,N/A
IQV,Iqvia Holdings Inc,0.05%,N/A
HPE,Hewlett Packard Enterprise Comp,0.05%,N/A
GIS,General Mills,0.04%,N/A
PPL,PPL Corp,0.04%,N/A
IP,International Paper Company,0.04%,N/A
HUM,Humana Inc,0.04%,N/A
IT,Gartner Inc,0.04%,N/A
AEE,Ameren Corp,0.04%,N/A
FANG,Diamondback Energy,0.04%,N/A
SMCI,Super Micro Computer,0.04%,N/A
SYF,Synchrony Financial,0.04%,N/A
PPG,PPG Industries,0.04%,N/A
ON,On Semiconductor,0.04%,N/A
IBKR,Interactive Brokers,0.04%,N/A
ADM,Archer Daniels Midland,0.04%,N/A
TDY,Teledyne Technologies Inc,0.04%,N/A
HSY,Hershey Foods Corp,0.04%,N/A
DOV,Dover Corp,0.04%,N/A
EQR,Equity Residential,0.04%,N/A
AU,Anglogold Ashanti Ltd ADR,0.04%,N/A
MKL,Markel Corp,0.04%,N/A
CBOE,CBOE Global Markets Inc,0.04%,N/A
LEN,Lennar Corp,0.04%,N/A
SBAC,SBA Communications,0.04%,N/A
EME,Emcor Group,0.04%,N/A
ATO,Atmos Energy Corp,0.04%,N/A
NTRS,Northern Trust Corp,0.04%,N/A
VLTO,Veralto Corporation,0.04%,N/A
DRI,Darden Restaurants,0.04%,N/A
HBAN,Huntington Bancshares Inc,0.04%,N/A
MTD,Mettler-Toledo International,0.04%,N/A
CNP,Centerpoint Energy Inc,0.04%,N/A
JBL,Jabil Circuit,0.04%,N/A
WDC,Western Digital Corp,0.04%,N/A
DG,Dollar General Corp,0.04%,N/A
ES,Eversource Energy,0.04%,N/A
TYL,Tyler Technologies,0.04%,N/A
CHD,Church & Dwight Company,0.04%,N/A
CDW,CDW Corp,0.04%,N/A
SW,Smurfit Westrock Plc,0.04%,N/A
PTC,Ptc Inc,0.04%,N/A
LYV,Live Nation Entertainment,0.04%,N/A
LULU,Lululemon Athletica,0.04%,N/A
RF,Regions Financial Corp,0.04%,N/A
KHC,Kraft Heinz Company,0.04%,N/A
HPQ,HP Inc,0.04%,N/A
GDDY,Godaddy Inc,0.04%,N/A
BAM,Brookfield Asset Management Ltd,0.04%,N/A
TROW,T Rowe Price Group,0.04%,N/A
ULTA,Ulta Beauty Inc,0.04%,N/A
EXPE,Expedia Group Inc,0.04%,N/A
HUBB,Hubbell Inc B,0.04%,N/A
CINF,Cincinnati Financial,0.04%,N/A
VRSN,Verisign Inc,0.04%,N/A
CPAY,Corpay Inc,0.04%,N/A
FE,Firstenergy Corp,0.04%,N/A
SOFI,Sofi Technologies Inc,0.04%,N/A
DLTR,Dollar Tree Inc,0.04%,N/A
PINS,Pinterest Inc,0.04%,N/A
QSR,Restaurant Brands International,0.04%,N/A
K,Kellanova,0.04%,N/A
TPR,Tapestry Inc,0.04%,N/A
PHM,Pultegroup,0.04%,N/A
STZ,Constellation Brands Inc,0.04%,N/A
STE,Steris Corp,0.04%,N/A
FWONK,Liberty Media Formula One Sr C,0.04%,N/A
EXE,Expand Energy Corporation,0.04%,N/A
TOST,Toast Inc Cl A,0.04%,N/A
NTAP,Netapp Inc,0.04%,N/A
CMS,Cms Energy Corp,0.04%,N/A
AMCR,Amcor Plc,0.04%,N/A
DKNG,Draftkings Inc,0.04%,N/A
CFG,Citizens Financial Group Inc/Ri,0.04%,N/A
BALL,Ball Corporation,0.03%,N/A
TXT,Textron Inc,0.03%,N/A
WST,West Pharmaceutical Services,0.03%,N/A
COHR,Coherent Corp,0.03%,N/A
EVRG,Evergy Inc,0.03%,N/A
LVS,Las Vegas Sands,0.03%,N/A
PFGC,Performance Food Group Company,0.03%,N/A
ROL,Rollins Inc,0.03%,N/A
DT,Dynatrace Inc,0.03%,N/A
L,Loews Corp,0.03%,N/A
CG,The Carlyle Group,0.03%,N/A
OKTA,Okta Inc Cl A,0.03%,N/A
CLX,Clorox Company,0.03%,N/A
EXPD,Expeditors Intl,0.03%,N/A
TW,Tradeweb Markets Inc,0.03%,N/A
DOCU,Docusign Inc,0.03%,N/A
THC,Tenet Healthcare Corp,0.03%,N/A
SUI,Sun Communities,0.03%,N/A
DECK,Deckers Outdoor Corp,0.03%,N/A
WSO,Watsco Inc,0.03%,N/A
APTV,Aptiv Plc,0.03%,N/A
LYB,Lyondellbasell Industries NV,0.03%,N/A
FDS,Factset Research Systems Inc,0.03%,N/A
LNT,Alliant Energy Corp,0.03%,N/A
SFM,Sprouts Farmers Market,0.03%,N/A
EQH,Axa Equitable Holdings Inc,0.03%,N/A
GEN,Gen Digital Inc,0.03%,N/A
ZBRA,Zebra Technologies,0.03%,N/A
KEY,Keycorp,0.03%,N/A
WAT,Waters Corp,0.03%,N/A
FTV,Fortive Corp,0.03%,N/A
CTRA,Coterra Energy Inc,0.03%,N/A
SNA,Snap-On Inc,0.03%,N/A
RDDT,Reddit Inc Cl A,0.03%,N/A
J,Jacobs Engineering Group Inc,0.03%,N/A
GPC,Genuine Parts Company,0.03%,N/A
PNR,Pentair Ltd,0.03%,N/A
CSL,Carlisle Companies Inc,0.03%,N/A
ALAB,Astera Labs Inc,0.03%,N/A
MAA,Mid-America Apartment Communities,0.03%,N/A
BURL,Burlington Stores Inc,0.03%,N/A
MDB,Mongodb Inc Cl A,0.03%,N/A
PSTG,Pure Storage Inc,0.03%,N/A
FFIV,F5 Inc,0.03%,N/A
SSNC,SS&C Technologies,0.03%,N/A
AFRM,Affirm Holdings Inc Cl A,0.03%,N/A
MKC,Mccormick & Company,0.03%,N/A
FCNCA,First Citizens Bancs,0.03%,N/A
LH,Laboratory Corp of America Holdings,0.03%,N/A
NVR,NVR Inc,0.03%,N/A
WRB,W.R. Berkley Corp,0.03%,N/A
LDOS,Leidos Holdings Inc,0.03%,N/A
WSM,Williams-Sonoma,0.03%,N/A
DVN,Devon Energy Corp,0.03%,N/A
FLEX,Flextronics Intl Ltd,0.03%,N/A
DOW,Dow Inc,0.03%,N/A
GPN,Global Payments Inc,0.03%,N/A
ZM,Zoom Communications Inc,0.03%,N/A
EL,Estee Lauder Companies,0.03%,N/A
TRMB,Trimble Navigation,0.03%,N/A
INVH,Invitation Homes Inc,0.03%,N/A
RBA,Rb Global Inc,0.03%,N/A
NI,NiSource Inc,0.03%,N/A
IFF,International Flavors & Fragrances,0.03%,N/A
EIX,Edison International,0.03%,N/A
FIX,Comfort Systems USA,0.03%,N/A
PODD,Insulet Corp,0.03%,N/A
CASY,Casey's General Stor,0.03%,N/A
STLD,Steel Dynamics Inc,0.03%,N/A
USFD,US Foods Holding,0.03%,N/A
NTNX,Nutanix Inc,0.03%,N/A
TRU,Transunion,0.03%,N/A
BIIB,Biogen Inc,0.03%,N/A
PFG,Principal Financial Group Inc,0.03%,N/A
FSLR,First Solar Inc,0.03%,N/A
PKG,Packaging Corp of America,0.03%,N/A
CW,Curtiss-Wright Corp,0.03%,N/A
GWRE,Guidewire Software Inc,0.03%,N/A
NTRA,Natera Inc,0.03%,N/A
RS,Reliance Inc,0.03%,N/A
DGX,Quest Diagnostics Inc,0.03%,N/A
INSM,Insmed Inc,0.03%,N/A
ESS,Essex Property Trust,0.03%,N/A
WY,Weyerhaeuser Company,0.03%,N/A
ZBH,Zimmer Biomet Holdings,0.03%,N/A
RKLB,Rocket Lab Corporation,0.03%,N/A
TWLO,Twilio,0.03%,N/A
HAL,Halliburton Company,0.03%,N/A
LUV,Southwest Airlines Company,0.03%,N/A
LII,Lennox International,0.03%,N/A
TPL,Texas Pacific Land Trust,0.03%,N/A
FN,Fabrinet,0.02%,N/A
OHI,Omega Healthcare Investors,0.02%,N/A
CACI,Caci International,0.02%,N/A
RVTY,Revvity Inc,0.02%,N/A
LAMR,Lamar Advertis A,0.02%,N/A
HAS,Hasbro Inc,0.02%,N/A
BXP,Bxp Inc,0.02%,N/A
SJM,J.M. Smucker Company,0.02%,N/A
BLD,Topbuild Corp,0.02%,N/A
INCY,Incyte Corp,0.02%,N/A
BMRN,Biomarin Pharmaceuticals,0.02%,N/A
EVR,Evercore Partners Inc,0.02%,N/A
ALLY,Ally Financial,0.02%,N/A
WBS,Webster Financial Corp,0.02%,N/A
RGLD,Royal Gold Inc,0.02%,N/A
RIVN,Rivian Automotive Inc Cl A,0.02%,N/A
VTRS,Viatris Inc,0.02%,N/A
SWK,Stanley Black & Decker Inc,0.02%,N/A
BLDR,Builders Firstsource,0.02%,N/A
RPRX,Royalty Pharma Plc Cl A,0.02%,N/A
BAX,Baxter International Inc,0.02%,N/A
COO,Cooper Companies,0.02%,N/A
CNC,Centene Corp,0.02%,N/A
EG,Everest Re Group,0.02%,N/A
MAS,Masco Corp,0.02%,N/A
UNM,Unumprovident Corp,0.02%,N/A
BJ,Bj's Wholesale Club Holdings Inc,0.02%,N/A
ENTG,Entegris Inc,0.02%,N/A
CRS,Carpenter Technology Corp,0.02%,N/A
IEX,Idex Corp,0.02%,N/A
OMC,Omnicom Group Inc,0.02%,N/A
HEI,Heico Corp,0.02%,N/A
WPC,W.P. Carey & Company Llc,0.02%,N/A
UDR,United Dominion Realty Trust,0.02%,N/A
FTI,Technipfmc Plc,0.02%,N/A
CRDO,Credo Technology Group Holding Ltd,0.02%,N/A
ARE,Alexandria Real Estate Equities,0.02%,N/A
BWXT,Bwx Technologies Inc,0.02%,N/A
JKHY,Jack Henry & Assoc,0.02%,N/A
DUOL,Duolingo Inc Cl A,0.02%,N/A
UTHR,United Therapeutic,0.02%,N/A
QXO,Qxo Inc,0.02%,N/A
DOC,Healthpeak Properties Inc,0.02%,N/A
ATI,Ati Inc,0.02%,N/A
NBIX,Neurocrine Bioscienc,0.02%,N/A
ALGN,Align Technology,0.02%,N/A
ALLE,Allegion Plc,0.02%,N/A
ITT,ITT Inc,0.02%,N/A
BBY,Best Buy Company,0.02%,N/A
APG,Api Group Corp,0.02%,N/A
RGA,Reinsurance Group of America Inc,0.02%,N/A
REG,Regency Centers Corp,0.02%,N/A
TXRH,Texas Roadhouse Inc,0.02%,N/A
NVT,Nvent Electric Plc,0.02%,N/A
MANH,Manhattan Assoc,0.02%,N/A
CPT,Camden Property Trust,0.02%,N/A
Z,Zillow Group Cl C,0.02%,N/A
CIEN,Ciena Corp,0.02%,N/A
CCK,Crown Cork & Seal Company,0.02%,N/A
FOXA,Fox Corp Cl A,0.02%,N/A
DKS,Dick's Sporting Goods Inc,0.02%,N/A
OWL,Blue Owl Capital Inc,0.02%,N/A
LECO,Lincoln Elec Holdings,0.02%,N/A
JBHT,J B Hunt Transport,0.02%,N/A
RBC,RBC Bearings Inc,0.02%,N/A
CNM,Core & Main Inc Cl A,0.02%,N/A
JLL,Jones Lang Lasalle Inc,0.02%,N/A
AMH,American Homes 4 Rent,0.02%,N/A
EXEL,Exelixis Inc,0.02%,N/A
TOL,Toll Brothers Inc,0.02%,N/A
NLY,Annaly Capital Management Inc,0.02%,N/A
GLPI,Gaming & Leisure,0.02%,N/A
ELS,Equity Lifestyle Properties,0.02%,N/A
PAYC,Paycom Software Inc,0.02%,N/A
OC,Owens Corning Inc,0.02%,N/A
RL,Ralph Lauren Corp,0.02%,N/A
FHN,First Horizon Corp,0.02%,N/A
VIK,Viking Holdings Ltd,0.02%,N/A
ONON,On Holding Ag Cl A,0.02%,N/A
AKAM,Akamai Technologies,0.02%,N/A
FTAI,Ftai Aviation Ltd,0.02%,N/A
TKO,Tko Group Holdings Inc Cl A,0.02%,N/A
NDSN,Nordson Corp,0.02%,N/A
ROKU,Roku Inc,0.02%,N/A
CLH,Clean Harbors,0.02%,N/A
SNX,Synnex Corp,0.02%,N/A
NWSA,News Corp Cl A,0.02%,N/A
PNW,Pinnacle West Capital Corp,0.02%,N/A
ARMK,Aramark Holdings Corp,0.02%,N/A
HST,Host Marriott Financial Trust,0.02%,N/A
U,Unity Software Inc,0.02%,N/A
EHC,Encompass Health Corp,0.02%,N/A
CHRW,C.H. Robinson Ww,0.02%,N/A
SWKS,Skyworks Solutions,0.02%,N/A
MOS,Mosaic Company,0.02%,N/A
RNR,Renaissancere Holdings Ltd,0.02%,N/A
CNH,CNH Industrial N.V.,0.02%,N/A
SCI,Service Corp International,0.02%,N/A
POOL,Pool Corp,0.02%,N/A
MTZ,Mastec Inc,0.02%,N/A
MRNA,Moderna Inc,0.02%,N/A
FN,Fabrinet,0.02%,N/A
OHI,Omega Healthcare Investors,0.02%,N/A
CACI,Caci International,0.02%,N/A
RVTY,Revvity Inc,0.02%,N/A
LAMR,Lamar Advertis A,0.02%,N/A
HAS,Hasbro Inc,0.02%,N/A
BXP,Bxp Inc,0.02%,N/A
SJM,J.M. Smucker Company,0.02%,N/A
BLD,Topbuild Corp,0.02%,N/A
INCY,Incyte Corp,0.02%,N/A
HLI,Houlihan Lokey,0.02%,N/A
VTRS,Viatris Inc,0.02%,N/A
SWK,Stanley Black & Decker Inc,0.02%,N/A
RIVN,Rivian Automotive Inc Cl A,0.02%,N/A
SF,Stifel Financial Corp,0.02%,N/A
BMRN,Biomarin Pharmaceuticals,0.02%,N/A
RGLD,Royal Gold Inc,0.02%,N/A
WBS,Webster Financial Corp,0.02%,N/A
ALLY,Ally Financial,0.02%,N/A
EVR,Evercore Partners Inc,0.02%,N/A
OVV,Ovintiv Inc,0.02%,N/A
IONQ,Ionq Inc,0.02%,N/A
QGEN,Qiagen N.V.,0.02%,N/A
KNSL,Kinsale Capital Group Inc,0.02%,N/A
WTRG,Essential Utilities Inc,0.02%,N/A
AIT,Applied Industrial Technologies,0.02%,N/A
HII,Huntington Ingalls Industries,0.02%,N/A
IOT,Samsara Inc Cl A,0.02%,N/A
COOP,Mr.Cooper Group Inc,0.02%,N/A
DOX,Amdocs Ltd Ord,0.02%,N/A
ATR,Aptargroup,0.02%,N/A
TTEK,Tetra Tech Inc,0.02%,N/A
NCLH,Norwegian Cruise Ord,0.02%,N/A
GL,Globe Life Inc,0.02%,N/A
SOLV,Solventum Corporation,0.02%,N/A
DTM,Dt Midstream Inc,0.02%,N/A
GME,Gamestop Corp,0.02%,N/A
BG,Bunge Ltd,0.02%,N/A
LKQ,LKQ Corp,0.02%,N/A
ASTS,Ast Spacemobile Inc,0.02%,N/A
WCC,Wesco International,0.02%,N/A
AES,The Aes Corp,0.02%,N/A
RRX,Regal Rexnord Corp,0.02%,N/A
SSB,Southstate Corp,0.02%,N/A
UHS,Universal Health Services,0.02%,N/A
LBRDK,Liberty Broadband Corp Sr C,0.02%,N/A
AIZ,Assurant Inc,0.02%,N/A
KTOS,Kratos Defns,0.02%,N/A
CR,Crane Company,0.02%,N/A
MOH,Molina Healthcare Inc,0.02%,N/A
KMX,Carmax Inc,0.02%,N/A
WING,Wingstop Inc,0.02%,N/A
AR,Antero Resources Corp,0.02%,N/A
OGE,Oge Energy Corp,0.02%,N/A
AYI,Acuity Inc,0.02%,N/A
PLNT,Planet Fitness,0.02%,N/A
EPAM,Epam Systems Inc,0.02%,N/A
EMN,Eastman Chemical Company,0.02%,N/A
KD,Kyndryl Hldgs Inc,0.02%,N/A
FLR,Fluor Corp,0.02%,N/A
SEIC,Sei Investments Company,0.02%,N/A
FFIN,First Finl Bkshs Inc,0.01%,N/A
LAUR,Laureate Education Inc,0.01%,N/A
CBU,Community Financial System Inc,0.01%,N/A
ENVA,Enova International Inc,0.01%,N/A
SMMT,Summit Therapeu ADR,0.01%,N/A
AVA,Avista Corp,0.01%,N/A
SM,Sm Energy Company,0.01%,N/A
OTTR,Otter Tail Corp,0.01%,N/A
NWE,Northwestern Energy Group Inc,0.01%,N/A
XRAY,Dentsply Sirona Inc,0.01%,N/A
MGEE,Mge Energy Inc,0.01%,N/A
HIW,Highwoods Properties,0.01%,N/A
FRPT,Freshpet Inc CS,0.01%,N/A
GT,Goodyear Tire Rubber,0.01%,N/A
IAC,Iac Inc,0.01%,N/A
MGNI,Magnite Inc,0.01%,N/A
CDP,Copt Defense Properties,0.01%,N/A
FRHC,Freedom Holding Corp,0.01%,N/A
AI,C3.Ai Inc Cl A,0.01%,N/A
MHO,M/I Homes,0.01%,N/A
ABM,ABM Industries Inc,0.01%,N/A
ATMU,Atmus Filtration Technologies Inc,0.01%,N/A
ADT,ADT Inc,0.01%,N/A
BL,Blackline Inc,0.01%,N/A
UEC,Uranium Energy,0.01%,N/A
NVST,Envista Holdings Corp,0.01%,N/A
HASI,Ha Sustainable Infrastructure Capital Inc,0.01%,N/A
PATK,Patrick Inds Inc,0.01%,N/A
TPH,Tri Pointe Homes Inc,0.01%,N/A
NMIH,Nmi Holdings Inc,0.01%,N/A
PFSI,Pennymac Financial Services IN,0.01%,N/A
POWI,Power Integratn,0.01%,N/A
FULT,Fulton Financial Cor,0.01%,N/A
CATY,Cathay Genl Bncp,0.01%,N/A
AMED,Amedisys Inc,0.01%,N/A
CARG,Cargurus Inc Cl A,0.01%,N/A
MATX,Matson Inc,0.01%,N/A
STNE,Stoneco Ltd Cl A,0.01%,N/A
GFF,Griffon Corp,0.01%,N/A
LOAR,Loar Holdings Inc,0.01%,N/A
TEX,Terex Corp,0.01%,N/A
WK,Workiva Llc,0.01%,N/A
CNK,Cinemark Holdings Inc,0.01%,N/A
GTM,Zoominfo Technologies Inc Cl A,0.01%,N/A
VKTX,Viking Thera,0.01%,N/A
PTGX,Protagonist Therapeutics Inc,0.01%,N/A
PCH,Potlatch Corp,0.01%,N/A
CVCO,Cavco Inds Inc,0.01%,N/A
NCNO,Ncino Inc,0.01%,N/A
MSGS,Madison Square Garden Sports Corp,0.01%,N/A
PAG,Penske Automotive Group,0.01%,N/A
BGC,Bgc Partners Cl A,0.01%,N/A
KTB,Kontoor Brands Inc,0.01%,N/A
HWKN,Hawkins Inc,0.01%,N/A
ECG,Everus Construction Group Inc,0.01%,N/A
SRRK,Scholar Rock Holding Corp,0.01%,N/A
M,Macy's Inc,0.01%,N/A
FHB,First Hawaiian Inc,0.01%,N/A
DORM,Dorman Products Inc,0.01%,N/A
FUL,H. B. Fuller Company,0.01%,N/A
MDU,Mdu Res Group Inc,0.01%,N/A
TMDX,Transmedics Group Inc,0.01%,N/A
REZI,Resideo Technologies Inc,0.01%,N/A
MZTI,The Marzetti Company,0.01%,N/A
SKT,Tanger Inc,0.01%,N/A
WSFS,WSFS Financial Corp,0.01%,N/A
IRDM,Iridium Comm Inc,0.01%,N/A
BXMT,Blackstone Mortgage Trust Inc Cl A,0.01%,N/A
BCC,Boise Cascade L.L.C.,0.01%,N/A
WAY,Waystar Holding Corp,0.01%,N/A
DRS,Leonardo Drs Inc,0.01%,N/A
WNS,Wns Ltd ADR,0.01%,N/A
CACC,Credit Acceptance,0.01%,N/A
SLNO,Soleno Therapeutics Inc,0.01%,N/A
MUR,Murphy Oil Corp,0.01%,N/A
RKT,Rocket Companies Inc Cl A,0.01%,N/A
PSN,Parsons Corp,0.01%,N/A
RYN,Rayonier Inc REIT,0.01%,N/A
GLOB,Globant S.A.,0.01%,N/A
AZZ,Azz Inc,0.01%,N/A
ZG,Zillow Grp Inc Cl A,0.01%,N/A
CRC,California Resources Corp,0.01%,N/A
NUVL,Nuvalent Inc Cl A,0.01%,N/A
VIRT,Virtu Financial Cm A,0.01%,N/A
LEU,Centrus Energy Corp,0.01%,N/A
PTCT,Ptc Therapeutics,0.01%,N/A
LCID,Lucid Group Inc,0.01%,N/A
FLG,Flagstar Financial Inc,0.01%,N/A
EXPO,Exponent Inc,0.01%,N/A
FBP,First Bancorp,0.01%,N/A
AROC,Archrock Inc,0.01%,N/A
SKY,Champion Homes Inc,0.01%,N/A
INSP,Inspire Medical Systems Inc,0.01%,N/A
CORZ,Core Scientific Inc,0.01%,N/A
INDB,Independent Bk Corp,0.01%,N/A
SIG,Signet Jewelers Ltd,0.01%,N/A
RNST,Renasant Corp,0.01%,N/A
RNA,Avidity Biosciences Inc,0.01%,N/A
AAP,Advance Auto Parts Inc,0.01%,N/A
KRYS,Krystal Biotech Inc,0.01%,N/A
OSIS,O S I Systems Inc,0.01%,N/A
CLSK,Cleanspark Inc,0.01%,N/A
KBH,KB Home,0.01%,N/A
CHH,Choice Hotels International,0.01%,N/A
CBZ,Cbiz Inc,0.01%,N/A
MWA,Mueller Water Products,0.01%,N/A
ALE,Allete Inc,0.01%,N/A
NE,Noble Corp Plc,0.01%,N/A
IRT,Independence Realty Trust Inc,0.01%,N/A
PRGO,Perrigo Company,0.01%,N/A
LLYVK,Liberty Live Series C,0.01%,N/A
UCB,United Community Banks Inc,0.01%,N/A
KMPR,Kemper Corp,0.01%,N/A
HAE,Haemonetics Corp,0.01%,N/A
PLXS,Plexus Corp,0.01%,N/A
MMS,Maximus Inc,0.01%,N/A
PLMR,Palomar Holdings Inc,0.01%,N/A
HL,Hecla Mining Company,0.01%,N/A
GLNG,Golar Lng Ltd,0.01%,N/A
ITGR,Integer Holdings Corp,0.01%,N/A
ENS,Enersys Inc,0.01%,N/A
IBOC,Intl Bancshares,0.01%,N/A
CNO,Cno Financial Group,0.01%,N/A
PBH,Prestige Brand Holdings,0.01%,N/A
NSIT,Insight Enterpr,0.01%,N/A
AMTM,Amentum Holdings Inc,0.01%,N/A
KFY,Korn/Ferry International,0.01%,N/A
LTH,Life Time Group Holdings Inc,0.01%,N/A
SATS,Echostar Corp,0.01%,N/A
AKRO,Akero Therapeutics Inc,0.01%,N/A
WFRD,Weatherford International Plc,0.01%,N/A
GVA,Granite Construction Incorporated,0.01%,N/A
BRKR,Bruker Corp,0.01%,N/A
TENB,Tenable Holdings Inc,0.01%,N/A
RDNT,Radnet Inc,0.01%,N/A
MRP,Millrose Properties Inc,0.01%,N/A
TDS,Telephone and Data Systems,0.01%,N/A
NWS,News Corp Cl B,0.01%,N/A
CBT,Cabot Corp,0.01%,N/A
MAC,Macerich Company,0.01%,N/A
MSM,Msc Industrial Direct Company,0.01%,N/A
FELE,Franklin Electric Company,0.01%,N/A
GFS,Globalfoundries Inc,0.01%,N/A
HRI,Herc Holdings Inc,0.01%,N/A
PVH,Phillips-Van Heusen Corp,0.01%,N/A
JHX,James Hardie Industries Se ADR,0.01%,N/A
TNL,Travel + Leisure Co.,0.01%,N/A
STEP,Stepstone Group Inc Cl A,0.01%,N/A
OGS,One Gas Inc,0.01%,N/A
ABCB,Ameris Bancorp,0.01%,N/A
IRTC,Irhythm Technologies Inc,0.01%,N/A
SARO,Standardaero Inc,0.01%,N/A
BCO,Brink's Company,0.01%,N/A
VRRM,Verra Mobility Corp,0.01%,N/A
AGO,Assured Guaranty Ltd,0.01%,N/A
KAI,Kadant Inc,0.01%,N/A
ASO,Academy Sports and Outdoors Inc,0.01%,N/A
POR,Portland General Electric Company,0.01%,N/A
CYTK,Cytokinetics,0.01%,N/A
AXSM,Axsome Thera,0.01%,N/A
MGY,Magnolia Oil & Gas Corp,0.01%,N/A
ASB,Associated Banc-Corp,0.01%,N/A
ADMA,Adma Biologics,0.01%,N/A
EEFT,Euronet Worldwide,0.01%,N/A
SLG,SL Green Realty Corp,0.01%,N/A
TIGO,Millicom International Cellular S.A.,0.01%,N/A
IBP,Installed Building Products,0.01%,N/A
BC,Brunswick Corp,0.01%,N/A
SFBS,Servisfirst Bancs,0.01%,N/A
SNEX,Stonex Group Inc,0.01%,N/A
MC,Moelis,0.01%,N/A
ALKS,Alkermes Plc,0.01%,N/A
ACA,Arcosa Inc,0.01%,N/A
CNR,Core Natural Resources Inc,0.01%,N/A
SBRA,Sabra REIT,0.01%,N/A
PJT,Pjt Partners Inc Cl A,0.01%,N/A
WTM,White Mountains Insurance Group,0.01%,N/A
VFC,V.F. Corp,0.01%,N/A
LUMN,Lumen Technologies Inc,0.01%,N/A
FTDR,Frontdoor Inc,0.01%,N/A
SOUN,Soundhound Ai Inc Cl A,0.01%,N/A
BKH,Black Hills Corp,0.01%,N/A
KRC,Kilroy Realty Corp,0.01%,N/A
DLB,Dolby Laboratories,0.01%,N/A
PECO,Phillips Edison & Company Inc,0.01%,N/A
TCBI,Texas Capital Bncsh,0.01%,N/A
SITM,Sitime Corp,0.01%,N/A
SIRI,Siriusxm Holdings Inc,0.01%,N/A
SEE,Sealed Air Corp,0.01%,N/A
RHI,Robert Half Inc,0.01%,N/A
VLY,Valley National Bancorp,0.01%,N/A
PCVX,Vaxcyte Inc,0.01%,N/A
SON,Sonoco Products,0.01%,N/A
RGTI,Rigetti Computing Inc,0.01%,N/A
NOVT,Novanta Inc,0.01%,N/A
PRIM,Primoris Services Corp,0.01%,N/A
SR,Spire Inc,0.01%,N/A
EPR,Entertainment Properties Trust,0.01%,N/A
ALGM,Allegro Microsystems Inc,0.01%,N/A
THO,Thor Industries,0.01%,N/A
SLGN,Silgan Holdings,0.01%,N/A
CUZ,Cousins Properties Inc,0.01%,N/A
MIR,Mirion Technologies Inc,0.01%,N/A
BILL,Bill Holdings Inc,0.01%,N/A
VVV,Valvoline Inc,0.01%,N/A
NPO,Enpro Inc,0.01%,N/A
SLAB,Silicon Labs Inc,0.01%,N/A
GMS,Gms Inc,0.01%,N/A
ATGE,Adtalem Global Education Inc,0.01%,N/A
NJR,Newjersey Resources Corp,0.01%,N/A
BOX,Box Inc,0.01%,N/A
SMTC,Semtech Corp,0.01%,N/A
URBN,Urban Outfitters Inc,0.01%,N/A
SXT,Sensient Technologies Corp,0.01%,N/A
KNF,Knife River Holding CO,0.01%,N/A
ACIW,Aci Worldwide Inc,0.01%,N/A
CALM,Cal-Maine Foods IN,0.01%,N/A
CSW,Csw Industrials Inc,0.01%,N/A
BEPC,Brookfield Renewable Corp,0.01%,N/A
KRG,Kite Realty Group Trust,0.01%,N/A
BCPC,Balchem Corp,0.01%,N/A
ROAD,Construction Partners Inc Cl A,0.01%,N/A
CCCS,CCC Intelligent Solutions Hldgs Inc,0.01%,N/A
COLD,Americold Realty Trust,0.01%,N/A
LSTR,Landstar System,0.01%,N/A
ABG,Asbury Automotive Group Inc,0.01%,N/A
BIO,Bio-Rad Laboratories,0.01%,N/A
GAP,Gap Inc,0.01%,N/A
ST,Sensata Technologies Holding N.V.,0.01%,N/A
SHAK,Shake Shack Inc,0.01%,N/A
CNX,CNX Resources Corp,0.01%,N/A
TEM,Tempus Ai Cl A,0.01%,N/A
RIOT,Riot Platforms Inc,0.01%,N/A
SKYW,Skywest Inc,0.01%,N/A
ESE,Esco Technologies Inc,0.01%,N/A
VNOM,Viper Energy Inc,0.01%,N/A
NEU,Newmarket Corp,0.01%,N/A
FCFS,Firstcash Holdings Inc,0.01%,N/A
OPCH,Option Care Health Inc,0.01%,N/A
PEGA,Pegasystems Inc,0.01%,N/A
MMSI,Merit Medical Sys,0.01%,N/A
ANF,Abercrombie & Fitch Company,0.01%,N/A
BIPC,Brookfield Infrastructure Partners LP Cl A,0.01%,N/A
ROIV,Roivant Sciences Ltd,0.01%,N/A
TKR,Timken Company,0.01%,N/A
BE,Bloom Energy Corp Cl A,0.01%,N/A
WHR,Whirlpool Corp,0.01%,N/A
SPR,Spirit Aerosystems Holdings,0.01%,N/A
COLB,Columbia Banking Sys,0.01%,N/A
AAON,Aaon Inc,0.01%,N/A
UBSI,United Bkshs Inc,0.01%,N/A
ONTO,Onto Innovation Inc,0.01%,N/A
MOD,Modine Manufacturing Company,0.01%,N/A
NOV,Nov Inc,0.01%,N/A
RDN,Radian Group Inc,0.01%,N/A
AVT,Avnet Inc,0.01%,N/A
LNTH,Lantheus Holdings,0.01%,N/A
AX,Axos Financial Inc,0.01%,N/A
TTMI,TTM Technologies,0.01%,N/A
SPSC,Sps Commerce Inc,0.01%,N/A
CADE,Cadence Bank,0.01%,N/A
SWX,Southwest Gas Corp,0.01%,N/A
AN,Autonation Inc,0.01%,N/A
AEIS,Advanced Energy,0.01%,N/A
MTH,Meritage Corp,0.01%,N/A
LOPE,Grand Canyon Educati,0.01%,N/A
CWAN,Clearwater Analytics Holdings Inc Cl A,0.01%,N/A
QS,Quantumscape Corp,0.01%,N/A
PIPR,Piper Jaffray Companies,0.01%,N/A
GATX,GATX Corp,0.01%,N/A
AUB,Atlantic Union Bancshares Corp,0.01%,N/A
FMC,FMC Corp,0.01%,N/A
ADC,Agree Realty Corp,0.01%,N/A
VMI,Valmont Industries,0.01%,N/A
CHDN,Churchill Downs IN,0.01%,N/A
VNO,Vornado Realty Trust,0.01%,N/A
BROS,Dutch Bros Inc Cl A,0.01%,N/A
SSD,Simpson Manufacturing Company,0.01%,N/A
OMF,Onemain Holdings Inc,0.01%,N/A
VOYA,VOYA Financial Inc,0.01%,N/A
APA,Apa Corp,0.01%,N/A
XP,XP Inc Cl A,0.01%,N/A
R,Ryder System,0.01%,N/A
HALO,Halozyme Therapeutic,0.01%,N/A
CWST,Casella Waste Sys,0.01%,N/A
JAZZ,Jazz Pharma Plc,0.01%,N/A
LW,Lamb Weston Holdings Inc,0.01%,N/A
KNX,Knight-Swift Transporation Inc,0.01%,N/A
ARW,Arrow Electronics,0.01%,N/A
CFLT,Confluent Inc Cl A,0.01%,N/A
MEDP,Medpace Holdings Inc,0.01%,N/A
GTLS,Chart Industries IN,0.01%,N/A
PRMB,Primo Water Corp,0.01%,N/A
OLED,Universal Display,0.01%,N/A
ONB,Old National Bncp,0.01%,N/A
SLM,SLM Corp,0.01%,N/A
FLS,Flowserve Corp,0.01%,N/A
LSCC,Lattice Semicond,0.01%,N/A
DINO,HF Sinclair Corp,0.01%,N/A
ELAN,Elanco Animal Health Inc,0.01%,N/A
TPG,Tpg Inc Cl A,0.01%,N/A
EXP,Eagle Materials Inc,0.01%,N/A
BBIO,Bridgebio Pharma Inc,0.01%,N/A
CVLT,Commvault Systems,0.01%,N/A
G,Genpact Ltd,0.01%,N/A
ESAB,Esab Corp,0.01%,N/A
BEN,Franklin Resources,0.01%,N/A
FOUR,Shift4 Payments Inc,0.01%,N/A
EAT,Brinker International,0.01%,N/A
BMI,Badger Meter,0.01%,N/A
BBWI,Bath & Body Works Inc,0.01%,N/A
ALSN,Allison Transmission Holdings,0.01%,N/A
AWI,Armstrong World Industries Inc,0.01%,N/A
PARA,Paramount Global Cl B,0.01%,N/A
DY,Dycom Industries,0.01%,N/A
RMBS,Rambus Inc,0.01%,N/A
HSIC,Henry Schein Inc,0.01%,N/A
IVZ,Invesco Plc,0.01%,N/A
ESTC,Elastic N.V.,0.01%,N/A
BWA,Borgwarner Inc,0.01%,N/A
HRB,H&R Block,0.01%,N/A
MGM,MGM Resorts International,0.01%,N/A
AXS,Axis Capital Holdings,0.01%,N/A
SAIA,Saia Inc,0.01%,N/A
BRBR,Bellring Brands Inc Cl A,0.01%,N/A
STRL,Sterling Infrastructure Inc,0.01%,N/A
FIVE,Five Below Inc,0.01%,N/A
BRX,Brixmor Property Group Inc,0.01%,N/A
TTC,Toro Company,0.01%,N/A
CELH,Celsius Holdings Inc,0.01%,N/A
MP,MP Materials Corp,0.01%,N/A
ENSG,The Ensign Group IN,0.01%,N/A
JOBY,Joby Aviation Inc,0.01%,N/A
CRL,Charles River Laboratories Intl,0.01%,N/A
UGI,Ugi Corp,0.01%,N/A
AA,Alcoa Corp,0.01%,N/A
MKTX,Marketaxess Holdings,0.01%,N/A
MUSA,Murphy USA Inc,0.01%,N/A
MIDD,Middleby Corp,0.01%,N/A
SNV,Synovus Financial Corp,0.01%,N/A
NNN,NNN REIT Inc,0.01%,N/A
AVAV,Aerovironment Inc,0.01%,N/A
REXR,Rexford Industrial Realty Inc,0.01%,N/A
CAVA,Cava Group Inc,0.01%,N/A
NYT,New York Times Company,0.01%,N/A
TAP,Molson Coors Brewing Company,0.01%,N/A
EGP,Eastgroup Properties,0.01%,N/A
FYBR,Frontier Communications Parent Inc,0.01%,N/A
LNW,Light & Wonder Inc,0.01%,N/A
QRVO,Qorvo Inc,0.01%,N/A
HRL,Hormel Foods Corp,0.01%,N/A
CMA,Comerica Inc,0.01%,N/A
JEF,Jefferies Financial Group Inc,0.01%,N/A
WAL,Western Alliance Bancorp,0.01%,N/A